Date,Open,High,Low,Close,Volume,Currency
2019-07-22,0.079749,0.080218,0.07439,0.078471,129443952,USD
2019-07-23,0.078471,0.079274,0.069085,0.071889,182472176,USD
2019-07-24,0.071927,0.076881,0.069882,0.074115,136503168,USD
2019-07-25,0.074115,0.076163,0.071762,0.073769,107982560,USD
2019-07-26,0.073769,0.079789,0.071331,0.079527,249878064,USD
2019-07-27,0.079527,0.079993,0.073096,0.077359,213427920,USD
2019-07-28,0.077359,0.077382,0.071623,0.073452,124900328,USD
2019-07-29,0.073452,0.073692,0.068799,0.071071,129507224,USD
2019-07-30,0.071071,0.071346,0.066213,0.069011,142853888,USD
2019-07-31,0.069011,0.071326,0.067794,0.070688,127315352,USD
2019-08-01,0.070743,0.070763,0.063626,0.067102,146519936,USD
2019-08-02,0.067102,0.067613,0.055339,0.067396,308396736,USD
2019-08-03,0.067396,0.067396,0.061821,0.065318,203309408,USD
2019-08-04,0.065318,0.06573,0.06064,0.063311,176010016,USD
2019-08-05,0.063299,0.064508,0.060675,0.061076,165422320,USD
2019-08-06,0.061067,0.061454,0.056916,0.057413,165585360,USD
2019-08-07,0.057376,0.057377,0.032751,0.037237,569528320,USD
2019-08-08,0.037237,0.052109,0.032069,0.050191,910310656,USD
2019-08-09,0.050191,0.050214,0.043947,0.045219,186600320,USD
2019-08-10,0.045191,0.053602,0.044796,0.051145,347805248,USD
2019-08-11,0.051137,0.054689,0.050856,0.053315,169673840,USD
2019-08-12,0.053315,0.053322,0.046644,0.048714,173677824,USD
2019-08-13,0.048714,0.051211,0.04486,0.048102,336561536,USD
2019-08-14,0.0481,0.04905,0.042346,0.043488,184294320,USD
2019-08-15,0.043488,0.044277,0.038445,0.042266,212065984,USD
2019-08-16,0.042266,0.0448,0.040855,0.041789,171302048,USD
2019-08-17,0.041822,0.04184,0.038287,0.039616,191849104,USD
2019-08-18,0.039616,0.04345,0.036745,0.038414,353204512,USD
2019-08-19,0.038414,0.0396,0.031601,0.032099,366539712,USD
2019-08-20,0.032098,0.034114,0.026484,0.028752,672385024,USD
2019-08-21,0.028752,0.029638,0.018929,0.020257,543179264,USD
2019-08-22,0.020257,0.024018,0.016793,0.023219,1004603904,USD
2019-08-23,0.023219,0.023219,0.020094,0.020349,359172256,USD
2019-08-24,0.020349,0.021508,0.018082,0.020332,307047136,USD
2019-08-25,0.020333,0.02047,0.019316,0.019443,218137248,USD
2019-08-26,0.019443,0.019785,0.017773,0.018177,376222240,USD
2019-08-27,0.018188,0.018232,0.015251,0.015628,435786752,USD
2019-08-28,0.015628,0.018464,0.015584,0.016377,618132608,USD
2019-08-29,0.016394,0.025051,0.015092,0.024982,1722787584,USD
2019-08-30,0.024957,0.025013,0.021314,0.022972,1029579648,USD
2019-08-31,0.022972,0.024064,0.020014,0.020732,494893824,USD
2019-09-01,0.020731,0.020976,0.017119,0.017408,517034176,USD
2019-09-02,0.017408,0.018499,0.017235,0.017505,369839104,USD
2019-09-03,0.017505,0.018008,0.017173,0.017273,340785376,USD
2019-09-04,0.017272,0.017346,0.015947,0.015986,355224256,USD
2019-09-05,0.015953,0.016011,0.008106,0.009679,2544148736,USD
2019-09-06,0.009679,0.009747,0.007257,0.008986,1837312128,USD
2019-09-07,0.008986,0.009193,0.007602,0.00784,691264640,USD
2019-09-08,0.00784,0.007966,0.00588,0.005956,834260672,USD
2019-09-09,0.005956,0.006194,0.004105,0.00445,2622142720,USD
2019-09-10,0.004451,0.005163,0.003778,0.003914,2376134912,USD
2019-09-11,0.003914,0.004464,0.003036,0.00335,2251732736,USD
2019-09-12,0.003349,0.003364,0.002671,0.002715,1266231168,USD
2019-09-13,0.002707,0.003435,0.002606,0.003239,1736179328,USD
2019-09-14,0.003239,0.004507,0.003163,0.003981,3849115136,USD
2019-09-15,0.003981,0.004358,0.003284,0.004244,2385790464,USD
2019-09-16,0.004244,0.005033,0.003053,0.003847,6910937600,USD
2019-09-17,0.003847,0.003893,0.003256,0.003358,2294048512,USD
2019-09-18,0.003358,0.00348,0.003239,0.003332,1157026816,USD
2019-09-19,0.003332,0.003333,0.003018,0.003056,893786176,USD
2019-09-20,0.003056,0.003165,0.00287,0.003001,540645568,USD
2019-09-21,0.003001,0.003036,0.002841,0.002853,477134208,USD
2019-09-22,0.002853,0.002901,0.002732,0.002736,682949440,USD
2019-09-23,0.002736,0.002754,0.002114,0.002136,1247546112,USD
2019-09-24,0.002136,0.00238,0.001594,0.001728,1725024256,USD
2019-09-25,0.001728,0.002181,0.00156,0.00202,1655021952,USD
2019-09-26,0.002019,0.002104,0.001724,0.001932,1576964992,USD
2019-09-27,0.001932,0.001948,0.00181,0.001912,734844480,USD
2019-09-28,0.001912,0.001976,0.00186,0.001894,460723040,USD
2019-09-29,0.001896,0.001898,0.001714,0.00179,579680512,USD
2019-09-30,0.00179,0.001875,0.001645,0.001818,905360896,USD
2019-10-01,0.001802,0.001911,0.001773,0.001799,442581472,USD
2019-10-02,0.001802,0.00184,0.001749,0.001814,497458784,USD
2019-10-03,0.001815,0.002842,0.001754,0.002624,2895041536,USD
2019-10-04,0.002621,0.00264,0.002044,0.002198,2477374208,USD
2019-10-05,0.002198,0.002373,0.002105,0.002252,1283879936,USD
2019-10-06,0.002252,0.002261,0.002053,0.002067,644259776,USD
2019-10-07,0.002065,0.002168,0.001903,0.002124,938668608,USD
2019-10-08,0.002124,0.002141,0.002036,0.002071,497636640,USD
2019-10-09,0.002071,0.002086,0.00192,0.001983,755046976,USD
2019-10-10,0.001983,0.001999,0.001866,0.001909,423781024,USD
2019-10-11,0.001907,0.002077,0.001749,0.001943,1117019008,USD
2019-10-12,0.001943,0.002004,0.00191,0.001983,394219840,USD
2019-10-13,0.001983,0.002062,0.001928,0.001967,412391296,USD
2019-10-14,0.001967,0.002016,0.001915,0.001968,286119136,USD
2019-10-15,0.001968,0.001991,0.001852,0.00186,342839168,USD
2019-10-16,0.00186,0.001899,0.001723,0.001773,699537984,USD
2019-10-17,0.001773,0.001838,0.001715,0.001755,406294688,USD
2019-10-18,0.001755,0.001832,0.001695,0.001787,387905696,USD
2019-10-19,0.001787,0.001807,0.001729,0.00174,272356800,USD
2019-10-20,0.00174,0.002023,0.001722,0.001952,528490912,USD
2019-10-21,0.001953,0.002017,0.001823,0.001847,671769792,USD
2019-10-22,0.001847,0.001883,0.001762,0.001808,264861984,USD
2019-10-23,0.001782,0.001827,0.001596,0.001659,500322208,USD
2019-10-24,0.001658,0.001738,0.001637,0.001707,252540688,USD
2019-10-25,0.001706,0.00185,0.001651,0.001813,544557440,USD
2019-10-26,0.001813,0.001987,0.001777,0.0019,777950272,USD
2019-10-27,0.0019,0.002008,0.001874,0.001962,639480448,USD
2019-10-28,0.001962,0.002483,0.00196,0.002281,1955408896,USD
2019-10-29,0.002281,0.002455,0.002155,0.002345,1334742528,USD
2019-10-30,0.002345,0.002363,0.002074,0.00219,787879424,USD
2019-10-31,0.00219,0.00221,0.00205,0.00216,450600832,USD
2019-11-01,0.00216,0.003861,0.002105,0.003716,4095412224,USD
2019-11-02,0.003716,0.003878,0.002875,0.002962,3648496896,USD
2019-11-03,0.002961,0.004215,0.002905,0.00411,3680782336,USD
2019-11-04,0.00411,0.004447,0.003754,0.004051,2737906688,USD
2019-11-05,0.004051,0.004052,0.003265,0.003265,1997340672,USD
2019-11-06,0.003265,0.004014,0.00321,0.003642,2161529088,USD
2019-11-07,0.003642,0.003715,0.003116,0.003136,1162481408,USD
2019-11-08,0.003136,0.003354,0.002865,0.00301,1268403072,USD
2019-11-09,0.003014,0.003272,0.002936,0.003256,857272064,USD
2019-11-10,0.003227,0.003519,0.00308,0.003377,820667776,USD
2019-11-11,0.003377,0.003478,0.003059,0.003099,742928896,USD
2019-11-12,0.0031,0.003217,0.003063,0.003208,479752704,USD
2019-11-13,0.003209,0.003283,0.002922,0.002996,616057408,USD
2019-11-14,0.002996,0.00301,0.00268,0.002836,621606976,USD
2019-11-15,0.002836,0.002865,0.002538,0.002651,668243456,USD
2019-11-16,0.002652,0.00266,0.002375,0.0025,600680192,USD
2019-11-17,0.0025,0.002842,0.002483,0.002775,942393792,USD
2019-11-18,0.002775,0.002777,0.002429,0.002461,536843904,USD
2019-11-19,0.002461,0.002504,0.00225,0.00234,545222912,USD
2019-11-20,0.002296,0.00238,0.002115,0.002258,618987968,USD
2019-11-21,0.002239,0.002366,0.001954,0.001982,560261248,USD
2019-11-22,0.002022,0.002147,0.00165,0.001956,1244952832,USD
2019-11-23,0.00196,0.002061,0.001818,0.001999,749098368,USD
2019-11-24,0.001999,0.002042,0.001718,0.001777,614755200,USD
2019-11-25,0.001777,0.001859,0.001554,0.001733,1021179072,USD
2019-11-26,0.001733,0.00202,0.0017,0.00198,670350720,USD
2019-11-27,0.00198,0.002039,0.001754,0.001946,1092109056,USD
2019-11-28,0.001945,0.002296,0.001938,0.002099,1047571136,USD
2019-11-29,0.002098,0.0024,0.002094,0.002329,992805504,USD
2019-11-30,0.002329,0.002332,0.001899,0.001951,880637888,USD
2019-12-01,0.001951,0.002141,0.001854,0.002001,692380480,USD
2019-12-02,0.002001,0.002003,0.00189,0.001926,493629504,USD
2019-12-03,0.001926,0.001985,0.001863,0.001878,323400384,USD
2019-12-04,0.001878,0.001923,0.001759,0.001811,485166976,USD
2019-12-05,0.001811,0.001997,0.001776,0.001939,221004816,USD
2019-12-06,0.001938,0.00198,0.001874,0.001925,203088400,USD
2019-12-07,0.001925,0.001993,0.001855,0.001869,175004080,USD
2019-12-08,0.001869,0.001888,0.001808,0.001882,188908576,USD
2019-12-09,0.001882,0.001882,0.001795,0.001807,172521728,USD
2019-12-10,0.001808,0.001812,0.001731,0.001771,166832240,USD
2019-12-11,0.001771,0.001804,0.001711,0.001744,99378496,USD
2019-12-12,0.001744,0.00175,0.001637,0.001683,180816848,USD
2019-12-13,0.001682,0.001776,0.001665,0.001741,132909416,USD
2019-12-14,0.001741,0.001755,0.001641,0.001659,118656752,USD
2019-12-15,0.001659,0.001689,0.001614,0.00164,132099904,USD
2019-12-16,0.00164,0.001658,0.001527,0.001532,90624216,USD
2019-12-17,0.001532,0.001564,0.001403,0.001415,275402816,USD
2019-12-18,0.001415,0.00156,0.0013,0.001518,297631808,USD
2019-12-19,0.001518,0.001548,0.001447,0.001506,162073360,USD
2019-12-20,0.001506,0.001538,0.001455,0.001516,89881216,USD
2019-12-21,0.001516,0.001542,0.00148,0.001488,69999200,USD
2019-12-22,0.001488,0.001666,0.001483,0.001586,226952672,USD
2019-12-23,0.001586,0.001719,0.001582,0.001638,245254064,USD
2019-12-24,0.001638,0.001638,0.001518,0.001538,186379488,USD
2019-12-25,0.001538,0.001551,0.001427,0.001439,100045976,USD
2019-12-26,0.001439,0.001516,0.001439,0.001467,84657824,USD
2019-12-27,0.001467,0.0015,0.001411,0.001421,66815916,USD
2019-12-28,0.001421,0.00147,0.00142,0.001444,82055296,USD
2019-12-29,0.001443,0.001478,0.00143,0.00146,44372272,USD
2019-12-30,0.00146,0.001514,0.001404,0.001426,67427464,USD
2019-12-31,0.001426,0.001431,0.00133,0.001344,101220568,USD
2020-01-01,0.001344,0.001415,0.001327,0.001385,59984496,USD
2020-01-02,0.001385,0.001388,0.001268,0.001282,125733576,USD
2020-01-03,0.001282,0.001528,0.001271,0.001456,233051776,USD
2020-01-04,0.001452,0.001497,0.001402,0.001443,155349056,USD
2020-01-05,0.001443,0.001556,0.001437,0.001483,134712768,USD
2020-01-06,0.001483,0.001571,0.001451,0.001564,181129392,USD
2020-01-07,0.001564,0.001589,0.001451,0.001484,174233008,USD
2020-01-08,0.001484,0.001524,0.001381,0.001408,105363440,USD
2020-01-09,0.001408,0.001433,0.001361,0.001413,83395432,USD
2020-01-10,0.001413,0.001426,0.001366,0.001397,69137376,USD
2020-01-11,0.001397,0.001451,0.001382,0.001414,84332080,USD
2020-01-12,0.001414,0.001426,0.001395,0.001409,42309180,USD
2020-01-13,0.001409,0.001414,0.001364,0.001377,36085712,USD
2020-01-14,0.001377,0.001409,0.001346,0.001372,231758704,USD
2020-01-15,0.001372,0.001759,0.001334,0.001604,598106048,USD
2020-01-16,0.001604,0.001604,0.001467,0.001513,135457872,USD
2020-01-17,0.001513,0.001642,0.001496,0.001535,163982048,USD
2020-01-18,0.001535,0.001563,0.00148,0.001491,93137240,USD
2020-01-19,0.001491,0.001543,0.001406,0.001419,130289224,USD
2020-01-20,0.001419,0.001447,0.001395,0.001433,45756104,USD
2020-01-21,0.001433,0.001539,0.001412,0.001494,59627720,USD
2020-01-22,0.001494,0.001577,0.001481,0.001563,120422320,USD
2020-01-23,0.001563,0.001575,0.001472,0.001501,167536816,USD
2020-01-24,0.001501,0.00152,0.001469,0.001485,58699272,USD
2020-01-25,0.001485,0.001493,0.001461,0.001483,32495964,USD
2020-01-26,0.001483,0.001547,0.001475,0.001532,55259408,USD
2020-01-27,0.001532,0.001582,0.0015,0.001568,81302040,USD
2020-01-28,0.001568,0.001652,0.001542,0.001579,171087728,USD
2020-01-29,0.001579,0.001604,0.001512,0.001525,108121328,USD
2020-01-30,0.001525,0.001629,0.00149,0.001627,201061600,USD
2020-01-31,0.001627,0.001919,0.001618,0.001768,678790784,USD
2020-02-01,0.001768,0.001837,0.001685,0.001817,213160512,USD
2020-02-02,0.001817,0.001879,0.001741,0.001782,216752608,USD
2020-02-03,0.001783,0.001831,0.001726,0.001746,128959384,USD
2020-02-04,0.001746,0.001746,0.001719,0.001719,166882016,USD
2020-02-05,0.001719,0.00192,0.001715,0.001869,331168320,USD
2020-02-06,0.001869,0.001993,0.001837,0.001989,324251776,USD
2020-02-07,0.001989,0.003197,0.001962,0.00291,1804348416,USD
2020-02-08,0.00291,0.003357,0.002478,0.002668,1789275136,USD
2020-02-09,0.002668,0.002775,0.002353,0.002354,634087360,USD
2020-02-10,0.002353,0.002726,0.002347,0.00262,600415040,USD
2020-02-11,0.00262,0.003058,0.002429,0.002839,693935808,USD
2020-02-12,0.002839,0.003017,0.002709,0.002722,599109504,USD
2020-02-13,0.002722,0.0029,0.00253,0.002664,443191392,USD
2020-02-14,0.002662,0.002996,0.002552,0.002833,412613440,USD
2020-02-15,0.002833,0.002882,0.002368,0.002382,444562432,USD
2020-02-16,0.002382,0.002495,0.001851,0.002108,558025280,USD
2020-02-17,0.002108,0.002124,0.001857,0.002055,397109408,USD
2020-02-18,0.002051,0.002228,0.002006,0.002197,294513024,USD
2020-02-19,0.002197,0.002256,0.001909,0.001909,241580080,USD
2020-02-20,0.001909,0.001946,0.001776,0.001853,226076528,USD
2020-02-21,0.001853,0.001946,0.001853,0.00189,138699136,USD
2020-02-22,0.00189,0.001947,0.001851,0.001896,129016040,USD
2020-02-23,0.001896,0.002037,0.001893,0.002013,168312096,USD
2020-02-24,0.002013,0.002053,0.001838,0.001895,165457760,USD
2020-02-25,0.001895,0.001895,0.001652,0.001655,244749808,USD
2020-02-26,0.001655,0.001661,0.001414,0.001502,322565056,USD
2020-02-27,0.001499,0.001651,0.001413,0.001555,314840352,USD
2020-02-28,0.001555,0.001606,0.001494,0.001573,176499200,USD
2020-02-29,0.001573,0.001583,0.001503,0.001515,113103216,USD
2020-03-01,0.001515,0.001582,0.001492,0.001503,119587944,USD
2020-03-02,0.001503,0.001648,0.001495,0.001597,153539648,USD
2020-03-03,0.001597,0.001614,0.00153,0.001563,98203144,USD
2020-03-04,0.001563,0.00163,0.001534,0.001601,153254144,USD
2020-03-05,0.001601,0.001737,0.001598,0.001675,242140656,USD
2020-03-06,0.001675,0.001748,0.001645,0.001695,161770448,USD
2020-03-07,0.001695,0.001738,0.001593,0.001597,162496672,USD
2020-03-08,0.001597,0.001602,0.001347,0.001347,272900160,USD
2020-03-09,0.001347,0.001381,0.001242,0.00134,219929872,USD
2020-03-10,0.00134,0.001409,0.001306,0.001367,166268784,USD
2020-03-11,0.001367,0.0014,0.00125,0.001345,126499880,USD
2020-03-12,0.001344,0.001346,0.000645,0.000656,433665184,USD
2020-03-13,0.000656,0.000785,0.000452,0.000703,602131712,USD
2020-03-14,0.000703,0.000713,0.000638,0.000649,237040576,USD
2020-03-15,0.000649,0.000777,0.000615,0.00071,301854560,USD
2020-03-16,0.00071,0.000711,0.000543,0.000589,399638784,USD
2020-03-17,0.000589,0.000647,0.00057,0.000631,261527344,USD
2020-03-18,0.000631,0.000673,0.000589,0.000639,215227232,USD
2020-03-19,0.000639,0.000798,0.000629,0.000754,379809152,USD
2020-03-20,0.000754,0.000904,0.00072,0.000751,446510048,USD
2020-03-21,0.000751,0.000789,0.000715,0.000755,164551632,USD
2020-03-22,0.000755,0.00083,0.000686,0.000686,247609312,USD
2020-03-23,0.000686,0.000779,0.000681,0.000773,184721584,USD
2020-03-24,0.000773,0.000813,0.000748,0.000783,152424848,USD
2020-03-25,0.000783,0.000793,0.000748,0.000781,96658736,USD
2020-03-26,0.000781,0.000784,0.000755,0.000777,52077348,USD
2020-03-27,0.000777,0.000813,0.00076,0.000763,119771184,USD
2020-03-28,0.000763,0.000763,0.000706,0.000723,103348120,USD
2020-03-29,0.000723,0.000737,0.000673,0.000677,37624692,USD
2020-03-30,0.000677,0.000749,0.000657,0.000732,117131400,USD
2020-03-31,0.000732,0.000767,0.000722,0.000732,87059856,USD
2020-04-01,0.000732,0.000749,0.000696,0.000746,107686608,USD
2020-04-02,0.000746,0.000795,0.000726,0.000748,156912656,USD
2020-04-03,0.000748,0.00079,0.000741,0.000769,107922720,USD
2020-04-04,0.000769,0.000994,0.000748,0.00097,386455968,USD
2020-04-05,0.00098,0.001207,0.000896,0.001066,717193472,USD
2020-04-06,0.001066,0.001249,0.001018,0.001108,673191040,USD
2020-04-07,0.001108,0.001114,0.00096,0.001026,330811520,USD
2020-04-08,0.001026,0.00107,0.000997,0.001035,179118368,USD
2020-04-09,0.001035,0.001056,0.001002,0.001014,113731184,USD
2020-04-10,0.001014,0.001014,0.00086,0.000889,241230304,USD
2020-04-11,0.000889,0.000923,0.000864,0.000891,128932704,USD
2020-04-12,0.000891,0.001024,0.000871,0.000971,247998448,USD
2020-04-13,0.000963,0.000963,0.000897,0.000918,165054416,USD
2020-04-14,0.000918,0.000986,0.00091,0.000944,92976344,USD
2020-04-15,0.000944,0.000962,0.000907,0.000912,76313384,USD
2020-04-16,0.000913,0.000977,0.000901,0.000931,99471600,USD
2020-04-17,0.000931,0.000978,0.00092,0.000959,76947464,USD
2020-04-18,0.000959,0.000999,0.000954,0.000997,104533000,USD
2020-04-19,0.000997,0.00108,0.000977,0.001019,181606208,USD
2020-04-20,0.001019,0.001019,0.000923,0.000932,99321632,USD
2020-04-21,0.000932,0.000946,0.000906,0.000922,78101648,USD
2020-04-22,0.000922,0.001032,0.00091,0.000988,133278360,USD
2020-04-23,0.000988,0.001028,0.000954,0.000977,99848296,USD
2020-04-24,0.000977,0.001071,0.000969,0.001011,194969072,USD
2020-04-25,0.001011,0.001059,0.000994,0.001021,163394560,USD
2020-04-26,0.001021,0.001081,0.001005,0.001056,176978784,USD
2020-04-27,0.001056,0.001071,0.001001,0.001016,110792416,USD
2020-04-28,0.001016,0.001026,0.000989,0.001019,85640576,USD
2020-04-29,0.001019,0.001078,0.00101,0.001068,117236128,USD
2020-04-30,0.001068,0.001093,0.000969,0.00098,197238672,USD
2020-05-01,0.00098,0.001066,0.000979,0.001049,79837096,USD
2020-05-02,0.001049,0.001085,0.001032,0.001057,107100056,USD
2020-05-03,0.001058,0.001081,0.001007,0.00105,124629416,USD
2020-05-04,0.00105,0.00105,0.00094,0.000993,84609296,USD
2020-05-05,0.000993,0.001011,0.000955,0.000978,68017264,USD
2020-05-06,0.000978,0.000986,0.000942,0.00095,81004064,USD
2020-05-07,0.000949,0.000949,0.000881,0.000904,220456304,USD
2020-05-08,0.000904,0.000925,0.000882,0.000911,192869376,USD
2020-05-09,0.000911,0.000967,0.000895,0.000921,172856528,USD
2020-05-10,0.000921,0.000924,0.000753,0.00081,243549776,USD
2020-05-11,0.00081,0.000864,0.000774,0.000807,173228352,USD
2020-05-12,0.000807,0.000855,0.000806,0.000826,100287552,USD
2020-05-13,0.000826,0.000861,0.000826,0.00086,84780976,USD
2020-05-14,0.000859,0.000879,0.000829,0.000872,109922352,USD
2020-05-15,0.000872,0.000887,0.000799,0.000813,143036288,USD
2020-05-16,0.000813,0.000852,0.000809,0.000847,74117960,USD
2020-05-17,0.000847,0.000874,0.000837,0.000852,83136472,USD
2020-05-18,0.000852,0.00088,0.000843,0.00085,78852408,USD
2020-05-19,0.00085,0.000867,0.000842,0.000853,54786176,USD
2020-05-20,0.000853,0.000893,0.000848,0.000866,95113488,USD
2020-05-21,0.000866,0.000897,0.00083,0.000833,149125168,USD
2020-05-22,0.000833,0.000912,0.000819,0.000893,107914080,USD
2020-05-23,0.000893,0.000938,0.00087,0.000918,191096912,USD
2020-05-24,0.000918,0.000918,0.00085,0.000855,125731360,USD
2020-05-25,0.000855,0.000899,0.00084,0.000883,104835336,USD
2020-05-26,0.000883,0.000908,0.000864,0.000876,100165920,USD
2020-05-27,0.000876,0.000901,0.00087,0.00088,57666212,USD
2020-05-28,0.00088,0.00093,0.000833,0.000914,201289456,USD
2020-05-29,0.000914,0.000925,0.000886,0.000921,93213896,USD
2020-05-30,0.000921,0.000926,0.000902,0.00091,104478424,USD
2020-05-31,0.00091,0.000934,0.000905,0.000911,98720584,USD
2020-06-01,0.000911,0.001003,0.00091,0.000972,311848384,USD
2020-06-02,0.000972,0.000997,0.000903,0.000929,207683088,USD
2020-06-03,0.000929,0.000951,0.000905,0.000917,89189024,USD
2020-06-04,0.000917,0.000938,0.000911,0.000937,81127600,USD
2020-06-05,0.000937,0.000956,0.000906,0.000917,88824000,USD
2020-06-06,0.000917,0.000918,0.000896,0.000906,54395168,USD
2020-06-07,0.000906,0.00091,0.000869,0.000907,90058392,USD
2020-06-08,0.000907,0.000959,0.000896,0.000956,125374824,USD
2020-06-09,0.000956,0.001202,0.000946,0.001093,1024750016,USD
2020-06-10,0.001093,0.001101,0.000995,0.001007,474794112,USD
2020-06-11,0.001007,0.001056,0.000972,0.001005,423402624,USD
2020-06-12,0.001005,0.00104,0.000987,0.001005,206040032,USD
2020-06-13,0.001005,0.001061,0.000991,0.001024,191717216,USD
2020-06-14,0.001024,0.001057,0.000976,0.000984,174656080,USD
2020-06-15,0.000984,0.000994,0.000914,0.000978,152744080,USD
2020-06-16,0.000978,0.00102,0.000967,0.001019,103519936,USD
2020-06-17,0.001019,0.00103,0.000978,0.000984,105454040,USD
2020-06-18,0.000984,0.001024,0.000959,0.000996,186673872,USD
2020-06-19,0.000996,0.001126,0.000978,0.001054,216529264,USD
2020-06-20,0.001054,0.001094,0.001026,0.001067,209159824,USD
2020-06-21,0.001067,0.001116,0.001031,0.00105,219249200,USD
2020-06-22,0.00105,0.001059,0.001029,0.001035,168228960,USD
2020-06-23,0.001035,0.001039,0.000999,0.001009,101716536,USD
2020-06-24,0.001009,0.001041,0.000961,0.001008,150540240,USD
2020-06-25,0.001008,0.001067,0.000971,0.001001,187262944,USD
2020-06-26,0.001001,0.00102,0.00096,0.001013,179781184,USD
2020-06-27,0.001013,0.00104,0.000959,0.000967,183925488,USD
2020-06-28,0.000967,0.000978,0.000923,0.000957,114497696,USD
2020-06-29,0.000957,0.000994,0.000935,0.000979,153406112,USD
2020-06-30,0.000979,0.001509,0.000972,0.00135,2673831168,USD
2020-07-01,0.001346,0.00146,0.001182,0.001187,914886720,USD
2020-07-02,0.001187,0.001252,0.001121,0.001191,500442816,USD
2020-07-03,0.001191,0.001244,0.00112,0.001135,288993824,USD
2020-07-04,0.001135,0.001244,0.001097,0.001177,364145472,USD
2020-07-05,0.001177,0.001178,0.001125,0.00115,131778848,USD
2020-07-06,0.00115,0.001168,0.001118,0.001164,134602432,USD
2020-07-07,0.001164,0.00137,0.00116,0.001252,426840736,USD
2020-07-08,0.001252,0.001263,0.001155,0.001211,275853952,USD
2020-07-09,0.001211,0.001264,0.001157,0.00121,269993792,USD
2020-07-10,0.00121,0.001223,0.001157,0.001179,150922592,USD
2020-07-11,0.001179,0.001363,0.001179,0.001276,315176832,USD
2020-07-12,0.001276,0.001316,0.001211,0.001269,216375472,USD
2020-07-13,0.001269,0.001304,0.001241,0.001267,173085856,USD
2020-07-14,0.001267,0.00127,0.001189,0.001215,151778704,USD
2020-07-15,0.001215,0.001242,0.001187,0.001219,137689376,USD
2020-07-16,0.001219,0.00122,0.00112,0.001167,135345152,USD
2020-07-17,0.001167,0.001212,0.001157,0.001207,88348664,USD
2020-07-18,0.001207,0.001274,0.001199,0.001232,202704864,USD
2020-07-19,0.001232,0.001352,0.001183,0.001343,259372640,USD
2020-07-20,0.001343,0.001359,0.001261,0.001324,308992128,USD
2020-07-21,0.001324,0.001331,0.001234,0.001254,209133280,USD
2020-07-22,0.001254,0.001272,0.00123,0.001268,99542136,USD
2020-07-23,0.001268,0.001353,0.001267,0.001308,218106112,USD
2020-07-24,0.001308,0.00131,0.001252,0.001284,87970824,USD
2020-07-25,0.001284,0.001359,0.001284,0.001344,209614448,USD
2020-07-26,0.001344,0.001912,0.001313,0.001634,1381579008,USD
2020-07-27,0.001634,0.001989,0.00157,0.001725,1231878016,USD
2020-07-28,0.001725,0.001809,0.001603,0.001628,426497280,USD
2020-07-29,0.001628,0.001764,0.001616,0.001667,227501216,USD
2020-07-30,0.001667,0.001739,0.001617,0.001617,179739360,USD
2020-07-31,0.001617,0.001643,0.001443,0.001498,347102784,USD
2020-08-01,0.001498,0.00155,0.001466,0.001493,280912928,USD
2020-08-02,0.001493,0.0015,0.001354,0.001377,310751360,USD
2020-08-03,0.001377,0.001438,0.00133,0.001365,180217008,USD
2020-08-04,0.001365,0.001616,0.00135,0.001616,318125472,USD
2020-08-05,0.001616,0.001659,0.001514,0.001547,701773184,USD
2020-08-06,0.001547,0.001654,0.001516,0.001586,229931744,USD
2020-08-07,0.001586,0.001718,0.001554,0.001558,296308864,USD
2020-08-08,0.001558,0.001711,0.001545,0.001663,207595984,USD
2020-08-09,0.001663,0.001701,0.001485,0.001539,189897264,USD
2020-08-10,0.001539,0.001627,0.00151,0.001622,266420256,USD
2020-08-11,0.001622,0.001711,0.001516,0.001552,293422144,USD
2020-08-12,0.001552,0.001556,0.00143,0.001494,265492560,USD
2020-08-13,0.001494,0.001647,0.001487,0.001625,209520816,USD
2020-08-14,0.001625,0.00168,0.001537,0.001583,299384512,USD
2020-08-15,0.001583,0.001653,0.00154,0.001638,217557168,USD
2020-08-16,0.001638,0.001699,0.001592,0.001629,299579648,USD
2020-08-17,0.001629,0.001836,0.001626,0.001724,439584032,USD
2020-08-18,0.001724,0.001724,0.001579,0.001606,243518816,USD
2020-08-19,0.001606,0.001641,0.001497,0.001513,210922208,USD
2020-08-20,0.001513,0.00159,0.001513,0.001551,128978240,USD
2020-08-21,0.001551,0.001586,0.001444,0.001463,188474512,USD
2020-08-22,0.001463,0.001473,0.00134,0.001414,283853248,USD
2020-08-23,0.001414,0.001446,0.001389,0.001427,117696328,USD
2020-08-24,0.001427,0.00149,0.001413,0.001469,123268928,USD
2020-08-25,0.001469,0.001512,0.001329,0.001355,194731264,USD
2020-08-26,0.001355,0.001447,0.001344,0.001385,156704944,USD
2020-08-27,0.001385,0.00153,0.001348,0.001403,343723136,USD
2020-08-28,0.001403,0.001498,0.001398,0.001444,120657296,USD
2020-08-29,0.001444,0.00152,0.00143,0.0015,170750608,USD
2020-08-30,0.0015,0.001615,0.001454,0.001473,295706016,USD
2020-08-31,0.001473,0.001529,0.001466,0.001516,125292496,USD
2020-09-01,0.001516,0.001565,0.001396,0.00143,210018816,USD
2020-09-02,0.00143,0.001434,0.00119,0.001261,319993184,USD
2020-09-03,0.001261,0.001283,0.001002,0.001021,268021936,USD
2020-09-04,0.001021,0.001054,0.000923,0.001032,282478656,USD
2020-09-05,0.001032,0.001045,0.000837,0.0009,203082288,USD
2020-09-06,0.0009,0.00093,0.000842,0.000917,152219248,USD
2020-09-07,0.000917,0.000957,0.000849,0.000927,109018344,USD
2020-09-08,0.000927,0.000931,0.000877,0.000916,98619264,USD
2020-09-09,0.000916,0.000929,0.000877,0.000926,178269920,USD
2020-09-10,0.000926,0.000981,0.000921,0.000949,162722992,USD
2020-09-11,0.000949,0.001267,0.000935,0.001213,744859776,USD
2020-09-12,0.001213,0.001249,0.001044,0.00105,956582720,USD
2020-09-13,0.00105,0.001177,0.001048,0.001084,274940960,USD
2020-09-14,0.001084,0.001092,0.001039,0.001066,187288512,USD
2020-09-15,0.001067,0.001067,0.00094,0.000953,356609088,USD
2020-09-16,0.000953,0.000963,0.00092,0.000954,179737472,USD
2020-09-17,0.000954,0.000966,0.000915,0.000935,182607984,USD
2020-09-18,0.000935,0.000941,0.000859,0.000861,276616768,USD
2020-09-19,0.000862,0.000891,0.00086,0.000883,174472176,USD
2020-09-20,0.000883,0.000926,0.000863,0.000866,182308368,USD
2020-09-21,0.000866,0.000901,0.000803,0.000815,267516512,USD
2020-09-22,0.000815,0.000918,0.000812,0.000856,281604544,USD
2020-09-23,0.000856,0.00088,0.000825,0.000828,142761968,USD
2020-09-24,0.000828,0.000873,0.000813,0.00087,160353904,USD
2020-09-25,0.000871,0.000873,0.000841,0.000863,137789024,USD
2020-09-26,0.000863,0.000914,0.00085,0.000904,179643984,USD
2020-09-27,0.000903,0.000919,0.000866,0.000876,191513296,USD
2020-09-28,0.000876,0.000892,0.000869,0.000872,160235264,USD
2020-09-29,0.000872,0.000877,0.000854,0.000873,154268512,USD
2020-09-30,0.000873,0.000875,0.000842,0.000864,145258272,USD
2020-10-01,0.000865,0.000874,0.000821,0.000828,173739664,USD
2020-10-02,0.000828,0.000834,0.000731,0.000817,263013120,USD
2020-10-03,0.000817,0.00083,0.000797,0.000814,174472112,USD
2020-10-04,0.000814,0.000824,0.000801,0.000821,145933216,USD
2020-10-05,0.000821,0.000828,0.000775,0.000779,153391824,USD
2020-10-06,0.000779,0.00082,0.000741,0.000768,233740624,USD
2020-10-07,0.000767,0.000789,0.000728,0.000779,180341952,USD
2020-10-08,0.000779,0.000793,0.000737,0.000763,172716240,USD
2020-10-09,0.000763,0.000821,0.000761,0.000811,177857680,USD
2020-10-10,0.000811,0.000842,0.000801,0.000839,253892928,USD
2020-10-11,0.000839,0.000941,0.000833,0.000842,510617472,USD
2020-10-12,0.000842,0.000898,0.000834,0.000861,238058976,USD
2020-10-13,0.000861,0.001045,0.00086,0.000926,799660416,USD
2020-10-14,0.000927,0.000951,0.000893,0.000932,249950336,USD
2020-10-15,0.000933,0.000962,0.000889,0.000944,240384800,USD
2020-10-16,0.000944,0.000945,0.000834,0.000877,271085600,USD
2020-10-17,0.000878,0.001028,0.000873,0.000952,500243712,USD
2020-10-18,0.000953,0.001005,0.00095,0.000991,206774656,USD
2020-10-19,0.000991,0.000997,0.000899,0.000926,260305536,USD
2020-10-20,0.000926,0.000953,0.000873,0.000876,194049280,USD
2020-10-21,0.000876,0.000938,0.000873,0.000917,148539568,USD
2020-10-22,0.000915,0.00097,0.000914,0.000962,150834896,USD
2020-10-23,0.000962,0.000962,0.000882,0.000891,147079808,USD
2020-10-24,0.000891,0.000906,0.000871,0.000886,152835696,USD
2020-10-25,0.000886,0.000917,0.000881,0.000887,112839824,USD
2020-10-26,0.000889,0.000903,0.00087,0.000877,107806048,USD
2020-10-27,0.000878,0.00088,0.000805,0.000807,152364736,USD
2020-10-28,0.000806,0.000814,0.00078,0.000799,126938520,USD
2020-10-29,0.000799,0.000805,0.000771,0.000775,137434432,USD
2020-10-30,0.000775,0.000776,0.00073,0.000744,133393928,USD
2020-10-31,0.000745,0.000784,0.000742,0.000773,137842144,USD
2020-11-01,0.000774,0.00079,0.000762,0.00079,139359472,USD
2020-11-02,0.00079,0.000808,0.000738,0.000781,179011776,USD
2020-11-03,0.000781,0.000806,0.000731,0.000751,219070848,USD
2020-11-04,0.000751,0.000762,0.000734,0.000748,177295856,USD
2020-11-05,0.000751,0.000796,0.000746,0.000791,178339168,USD
2020-11-06,0.000791,0.000828,0.000789,0.000818,188589280,USD
2020-11-07,0.000818,0.000857,0.000802,0.000809,207553936,USD
2020-11-08,0.000809,0.000819,0.000791,0.000797,173790112,USD
2020-11-09,0.000797,0.000837,0.000797,0.000837,154832704,USD
2020-11-10,0.000837,0.000864,0.000827,0.000841,174715552,USD
2020-11-11,0.000841,0.000968,0.000819,0.000853,267264720,USD
2020-11-12,0.000852,0.000881,0.000828,0.000847,173595504,USD
2020-11-13,0.000847,0.000878,0.000822,0.00084,162759296,USD
2020-11-14,0.000836,0.000837,0.000805,0.000821,161287200,USD
2020-11-15,0.000821,0.000826,0.000786,0.000795,158280320,USD
2020-11-16,0.000795,0.000848,0.000782,0.000816,172241344,USD
2020-11-17,0.000816,0.000867,0.00081,0.000829,178400464,USD
2020-11-18,0.000829,0.000839,0.000784,0.000799,167456032,USD
2020-11-19,0.0008,0.000874,0.000794,0.000831,204288896,USD
2020-11-20,0.000831,0.000856,0.000826,0.000832,119030288,USD
2020-11-21,0.000833,0.000911,0.000829,0.000908,151613024,USD
2020-11-22,0.000908,0.000962,0.000832,0.000854,217604800,USD
2020-11-23,0.000854,0.000889,0.000834,0.000865,249407840,USD
2020-11-24,0.000882,0.000928,0.000869,0.000887,253247984,USD
2020-11-25,0.000887,0.000912,0.000872,0.000878,247762000,USD
2020-11-26,0.000878,0.000891,0.000722,0.000764,289831264,USD
2020-11-27,0.000764,0.000772,0.000724,0.000758,175709824,USD
2020-11-28,0.000758,0.000775,0.000734,0.000764,131858760,USD
2020-11-29,0.000764,0.000771,0.000751,0.000758,84204808,USD
2020-11-30,0.000758,0.000767,0.000733,0.000742,286107424,USD
2020-12-01,0.000741,0.000757,0.0007,0.000703,194968768,USD
2020-12-02,0.000703,0.000735,0.000691,0.000726,225867792,USD
2020-12-03,0.000726,0.00093,0.000706,0.000847,692492928,USD
2020-12-04,0.000849,0.000849,0.000735,0.000741,339037184,USD
2020-12-05,0.000741,0.000774,0.000735,0.000768,205895232,USD
2020-12-06,0.000769,0.000793,0.000757,0.000775,190495968,USD
2020-12-07,0.000775,0.000783,0.00075,0.000768,181901904,USD
2020-12-08,0.000768,0.000803,0.000735,0.000738,250360608,USD
2020-12-09,0.000738,0.000748,0.000681,0.000719,270662272,USD
2020-12-10,0.000719,0.00072,0.000686,0.000706,220533776,USD
2020-12-11,0.000706,0.000843,0.000683,0.000755,450281632,USD
2020-12-12,0.000754,0.000774,0.000741,0.000746,241719552,USD
2020-12-13,0.000746,0.000759,0.000736,0.000743,204272592,USD
2020-12-14,0.000743,0.000783,0.000741,0.000751,205688496,USD
2020-12-15,0.000751,0.000775,0.000736,0.000762,144118592,USD
2020-12-16,0.000762,0.000765,0.000692,0.000708,398365184,USD
2020-12-17,0.000708,0.000725,0.000685,0.000703,169972912,USD
2020-12-18,0.000704,0.000711,0.000691,0.000701,118075328,USD
2020-12-19,0.0007,0.000724,0.000668,0.00071,275851008,USD
2020-12-20,0.00071,0.000946,0.000695,0.000733,1035648128,USD
2020-12-21,0.000733,0.000751,0.000698,0.000705,244923104,USD
2020-12-22,0.000705,0.000714,0.000683,0.000696,158676896,USD
2020-12-23,0.000698,0.000701,0.000601,0.000614,178528704,USD
2020-12-24,0.000614,0.000639,0.000565,0.000611,220851264,USD
2020-12-25,0.000612,0.000617,0.000568,0.000584,371256448,USD
2020-12-26,0.000584,0.000628,0.000579,0.000587,200123136,USD
2020-12-27,0.000587,0.000609,0.000572,0.000583,225588128,USD
2020-12-28,0.000583,0.000647,0.000582,0.00061,179670928,USD
2020-12-29,0.00061,0.00061,0.000568,0.000573,245372624,USD
2020-12-30,0.000573,0.000592,0.000562,0.000573,174068880,USD
2020-12-31,0.000573,0.000592,0.000555,0.000581,157350112,USD
2021-01-01,0.000578,0.000623,0.000578,0.000588,152911872,USD
2021-01-02,0.000588,0.000683,0.000577,0.000648,272511712,USD
2021-01-03,0.000648,0.000678,0.000623,0.000651,204575424,USD
2021-01-04,0.000651,0.000678,0.000572,0.000654,240214784,USD
2021-01-05,0.000654,0.000676,0.000633,0.000659,131816992,USD
2021-01-06,0.000659,0.000685,0.000607,0.00068,291673696,USD
2021-01-07,0.00068,0.000715,0.000662,0.000683,226238304,USD
2021-01-08,0.000683,0.000688,0.000605,0.00065,341724032,USD
2021-01-09,0.00065,0.000711,0.000632,0.000688,261715008,USD
2021-01-10,0.000687,0.000742,0.000666,0.000689,294970112,USD
2021-01-11,0.000689,0.000692,0.000607,0.000637,239098992,USD
2021-01-12,0.000637,0.000655,0.000611,0.000624,158684592,USD
2021-01-13,0.000624,0.000649,0.000613,0.000646,131695952,USD
2021-01-14,0.000646,0.000649,0.000623,0.000633,106663488,USD
2021-01-15,0.000633,0.000647,0.000621,0.000645,130154000,USD
2021-01-16,0.000645,0.000668,0.000632,0.00064,151208064,USD
2021-01-17,0.000639,0.000654,0.000622,0.000639,178005520,USD
2021-01-18,0.000639,0.00069,0.000629,0.00067,187544880,USD
2021-01-19,0.00067,0.00085,0.000667,0.000767,861632640,USD
2021-01-20,0.000767,0.000791,0.000657,0.000681,383696288,USD
2021-01-21,0.000681,0.000681,0.000633,0.000634,175349712,USD
2021-01-22,0.000634,0.000659,0.000624,0.000651,150978016,USD
2021-01-23,0.000651,0.000654,0.000625,0.000634,140049568,USD
2021-01-24,0.000634,0.000652,0.000625,0.000632,138782512,USD
2021-01-25,0.000632,0.000649,0.0006,0.000608,213855120,USD
2021-01-26,0.000608,0.000615,0.00059,0.000601,128223720,USD
2021-01-27,0.000601,0.000606,0.000578,0.000598,184407888,USD
2021-01-28,0.000598,0.00077,0.000593,0.00064,701428288,USD
2021-01-29,0.00064,0.000695,0.000618,0.000688,589342912,USD
2021-01-30,0.000689,0.000702,0.000654,0.000673,263477168,USD
2021-01-31,0.000672,0.000732,0.00067,0.000702,332236256,USD
2021-02-01,0.000703,0.00071,0.000673,0.000688,188991168,USD
2021-02-02,0.000688,0.000709,0.000677,0.000705,139110560,USD
2021-02-03,0.000706,0.000733,0.000692,0.000713,156381168,USD
2021-02-04,0.000713,0.000718,0.000678,0.00071,220079760,USD
2021-02-05,0.00071,0.000774,0.000709,0.00077,221853056,USD
2021-02-06,0.00077,0.000772,0.00073,0.00075,126560512,USD
2021-02-07,0.00075,0.000774,0.00072,0.000759,155174944,USD
2021-02-08,0.000759,0.001113,0.000757,0.001025,859229312,USD
2021-02-09,0.001025,0.001533,0.001,0.001109,2956039424,USD
2021-02-10,0.001109,0.001187,0.001018,0.001087,554724288,USD
2021-02-11,0.001087,0.001354,0.001087,0.001234,472514400,USD
2021-02-12,0.001242,0.001452,0.001239,0.001393,349668480,USD
2021-02-13,0.001393,0.00299,0.001331,0.002818,2640560640,USD
2021-02-14,0.002818,0.00699,0.002544,0.006608,8339648512,USD
2021-02-15,0.006608,0.01072,0.005144,0.005628,5634780160,USD
2021-02-16,0.005638,0.006886,0.003776,0.003792,1876902912,USD
2021-02-17,0.003797,0.007155,0.003699,0.00573,2774142976,USD
2021-02-18,0.00573,0.005796,0.004855,0.005303,828509376,USD
2021-02-19,0.005303,0.005436,0.004101,0.004131,697888384,USD
2021-02-20,0.004131,0.004837,0.004078,0.004282,798033664,USD
2021-02-21,0.004282,0.004417,0.004122,0.004179,496710784,USD
2021-02-22,0.004179,0.004179,0.003109,0.003642,689161856,USD
2021-02-23,0.003642,0.003647,0.002209,0.002595,1185794816,USD
2021-02-24,0.002595,0.004499,0.002563,0.003813,3185071872,USD
2021-02-25,0.003813,0.003829,0.002859,0.00287,924264768,USD
2021-02-26,0.00287,0.003204,0.002635,0.002784,561718016,USD
2021-02-27,0.002784,0.003294,0.002778,0.003095,495549632,USD
2021-02-28,0.003095,0.003631,0.002878,0.003184,1105820544,USD
2021-03-01,0.003206,0.003855,0.003094,0.003513,896301312,USD
2021-03-02,0.003513,0.003691,0.003361,0.003432,296821568,USD
2021-03-03,0.003432,0.003636,0.003401,0.003486,422717952,USD
2021-03-04,0.003486,0.003547,0.002956,0.00311,405205120,USD
2021-03-05,0.00311,0.003114,0.002786,0.003042,407080896,USD
2021-03-06,0.003042,0.003043,0.002846,0.002985,166935136,USD
2021-03-07,0.002985,0.003205,0.002979,0.003096,207392128,USD
2021-03-08,0.003096,0.00312,0.002945,0.00312,174080256,USD
2021-03-09,0.00312,0.004496,0.003026,0.004222,1241440000,USD
2021-03-10,0.004222,0.005258,0.003945,0.003994,2612012800,USD
2021-03-11,0.003987,0.004132,0.003766,0.003766,698378048,USD
2021-03-12,0.003766,0.004479,0.003558,0.00422,860669696,USD
2021-03-13,0.00422,0.005878,0.003964,0.005187,1533697920,USD
2021-03-14,0.005187,0.005482,0.004539,0.004845,702998336,USD
2021-03-15,0.004845,0.005106,0.004201,0.004949,580818496,USD
2021-03-16,0.004949,0.00623,0.004424,0.004949,1326358144,USD
2021-03-17,0.00495,0.005927,0.004789,0.005535,786117376,USD
2021-03-18,0.005535,0.005851,0.005097,0.005097,496018272,USD
2021-03-19,0.005097,0.00541,0.004734,0.005098,397800576,USD
2021-03-20,0.005098,0.006028,0.005096,0.005775,683594944,USD
2021-03-21,0.005784,0.006477,0.005312,0.005509,891020736,USD
2021-03-22,0.005509,0.0057,0.005021,0.005097,521473856,USD
2021-03-23,0.005097,0.005211,0.004171,0.004343,479817504,USD
2021-03-24,0.004343,0.00483,0.003817,0.004027,484125984,USD
2021-03-25,0.004027,0.004078,0.003417,0.003654,336749376,USD
2021-03-26,0.003654,0.004099,0.003647,0.003813,329334816,USD
2021-03-27,0.003804,0.004093,0.003593,0.00399,388053248,USD
2021-03-28,0.00399,0.004474,0.003942,0.004269,431063264,USD
2021-03-29,0.004269,0.005115,0.004123,0.004568,674568832,USD
2021-03-30,0.004568,0.004833,0.004365,0.004415,289779840,USD
2021-03-31,0.004415,0.004421,0.003994,0.004201,356756992,USD
2021-04-01,0.004201,0.00435,0.003827,0.003957,401298656,USD
2021-04-02,0.003957,0.004343,0.003864,0.004105,273275392,USD
2021-04-03,0.004105,0.004544,0.004101,0.004108,306167008,USD
2021-04-04,0.004108,0.004746,0.004032,0.004713,306415840,USD
2021-04-05,0.004713,0.005358,0.004533,0.005326,866136832,USD
2021-04-06,0.005326,0.005477,0.00445,0.005195,601258624,USD
2021-04-07,0.005194,0.005226,0.004223,0.004663,446257376,USD
2021-04-08,0.004613,0.005141,0.004523,0.004983,327273056,USD
2021-04-09,0.004983,0.005379,0.004941,0.005032,295308704,USD
2021-04-10,0.005032,0.005375,0.005,0.005078,283907360,USD
2021-04-11,0.005078,0.005494,0.004968,0.00533,281878048,USD
2021-04-12,0.00533,0.006292,0.005187,0.005818,678013248,USD
2021-04-13,0.005818,0.00642,0.005351,0.005584,593241984,USD
2021-04-14,0.005584,0.005694,0.004968,0.005323,491446752,USD
2021-04-15,0.005331,0.005371,0.004904,0.005065,273022656,USD
2021-04-16,0.005065,0.00528,0.004681,0.005222,387162944,USD
2021-04-17,0.005256,0.005757,0.005007,0.005318,653308864,USD
2021-04-18,0.005318,0.008295,0.004099,0.006915,5328120832,USD
2021-04-19,0.006909,0.007498,0.005565,0.005685,2904580352,USD
2021-04-20,0.005688,0.007299,0.004901,0.006681,2319526656,USD
2021-04-21,0.006681,0.006745,0.005468,0.00555,1047859712,USD
2021-04-22,0.00555,0.006093,0.005153,0.005153,537171008,USD
2021-04-23,0.005173,0.005178,0.004001,0.00475,894142848,USD
2021-04-24,0.00475,0.004769,0.004106,0.004374,446024832,USD
2021-04-25,0.004377,0.004627,0.004102,0.004225,339202560,USD
2021-04-26,0.004225,0.004726,0.004223,0.004556,339025920,USD
2021-04-27,0.004556,0.004936,0.00453,0.004835,336169440,USD
2021-04-28,0.004842,0.005018,0.004437,0.004719,513133504,USD
2021-04-29,0.004719,0.004798,0.004514,0.004636,185847056,USD
2021-04-30,0.004636,0.004843,0.00451,0.004704,315481696,USD
2021-05-01,0.004704,0.004797,0.004441,0.004561,334783872,USD
2021-05-02,0.004561,0.004629,0.004346,0.004369,416523488,USD
2021-05-03,0.004369,0.004618,0.004265,0.004293,264153760,USD
2021-05-04,0.004293,0.004308,0.003866,0.003866,304973120,USD
2021-05-05,0.003865,0.004358,0.003708,0.004088,431910496,USD
2021-05-06,0.004088,0.004366,0.003903,0.004366,282090144,USD
2021-05-07,0.004358,0.008219,0.004131,0.005962,4548841984,USD
2021-05-08,0.005953,0.006292,0.00456,0.004625,2210726144,USD
2021-05-09,0.004625,0.005028,0.004449,0.004532,683864768,USD
2021-05-10,0.004537,0.004596,0.003869,0.003895,835997184,USD
2021-05-11,0.003876,0.007218,0.003847,0.004664,3853396736,USD
2021-05-12,0.004664,0.004772,0.004008,0.004078,1359160192,USD
2021-05-13,0.004078,0.004515,0.00389,0.004118,740282112,USD
2021-05-14,0.004118,0.004585,0.004043,0.004233,490282976,USD
2021-05-15,0.004233,0.004453,0.004003,0.004025,410603328,USD
2021-05-16,0.004025,0.004322,0.003998,0.004073,341987872,USD
2021-05-17,0.004073,0.004529,0.0038,0.003985,608900288,USD
2021-05-18,0.003985,0.004256,0.003958,0.004073,510977632,USD
2021-05-19,0.004073,0.004137,0.001632,0.002414,1242792960,USD
2021-05-20,0.002414,0.003059,0.00207,0.002731,693834624,USD
2021-05-21,0.002731,0.002914,0.002012,0.002196,649220032,USD
2021-05-22,0.002196,0.002393,0.001931,0.002213,651922816,USD
2021-05-23,0.002213,0.002253,0.001489,0.001927,556999616,USD
2021-05-24,0.001927,0.002197,0.001804,0.002183,559853184,USD
2021-05-25,0.002183,0.002332,0.001997,0.002207,603833152,USD
2021-05-26,0.002207,0.002478,0.002195,0.002358,411236800,USD
2021-05-27,0.002358,0.002777,0.002159,0.002427,540505088,USD
2021-05-28,0.002427,0.002446,0.002081,0.002092,432460544,USD
2021-05-29,0.002092,0.00226,0.002041,0.002106,732955392,USD
2021-05-30,0.002104,0.00219,0.002032,0.002094,131737304,USD
2021-05-31,0.002094,0.002268,0.002017,0.002133,618258752,USD
2021-06-01,0.002133,0.00217,0.002058,0.002082,115707296,USD
2021-06-02,0.002082,0.002167,0.002061,0.002068,135081632,USD
2021-06-03,0.002068,0.002151,0.002046,0.002125,243862976,USD
2021-06-04,0.002125,0.002125,0.001891,0.001931,184309584,USD
2021-06-05,0.001931,0.002008,0.001896,0.001952,121215936,USD
2021-06-06,0.001952,0.001956,0.001882,0.001899,100013008,USD
2021-06-07,0.001899,0.001976,0.001803,0.001804,98818168,USD
2021-06-08,0.001804,0.001831,0.001576,0.001657,197675888,USD
2021-06-09,0.001657,0.001727,0.001601,0.001727,190653952,USD
2021-06-10,0.001727,0.00182,0.001684,0.001742,161824368,USD
2021-06-11,0.001743,0.001858,0.00164,0.001703,298279872,USD
2021-06-12,0.001703,0.001715,0.001542,0.00163,198652272,USD
2021-06-13,0.00163,0.001694,0.001553,0.001661,100649096,USD
2021-06-14,0.001661,0.002254,0.001661,0.00181,1280338048,USD
2021-06-15,0.00181,0.001937,0.00169,0.001762,571102144,USD
2021-06-16,0.001762,0.001765,0.001639,0.001725,286007232,USD
2021-06-17,0.001725,0.001782,0.001664,0.001669,164279232,USD
2021-06-18,0.001669,0.002689,0.001605,0.001864,2979655424,USD
2021-06-19,0.001864,0.00193,0.001605,0.001632,1631298688,USD
2021-06-20,0.00163,0.001917,0.001539,0.001653,1015932032,USD
2021-06-21,0.001653,0.001653,0.001192,0.0012,783195904,USD
2021-06-22,0.0012,0.001265,0.001021,0.0011,565994560,USD
2021-06-23,0.0011,0.001213,0.001048,0.001183,349971168,USD
2021-06-24,0.001184,0.001297,0.001115,0.001175,509504608,USD
2021-06-25,0.001175,0.001263,0.00111,0.001127,457719488,USD
2021-06-26,0.001127,0.001157,0.00106,0.001151,165087104,USD
2021-06-27,0.001151,0.001227,0.001118,0.001208,156279888,USD
2021-06-28,0.001208,0.001268,0.00117,0.001202,206479872,USD
2021-06-29,0.001202,0.001322,0.001198,0.001265,270678688,USD
2021-06-30,0.001265,0.001318,0.001182,0.001233,363232672,USD
2021-07-01,0.001233,0.001332,0.001208,0.001267,263180288,USD
2021-07-02,0.001267,0.001327,0.001217,0.001308,155989024,USD
2021-07-03,0.001308,0.001378,0.001284,0.001352,210790336,USD
2021-07-04,0.001352,0.001694,0.001345,0.001473,837306624,USD
2021-07-05,0.001473,0.002396,0.001404,0.001753,2263933952,USD
2021-07-06,0.001753,0.001871,0.001629,0.001653,432906528,USD
2021-07-07,0.001653,0.001762,0.001595,0.001609,343207744,USD
2021-07-08,0.001609,0.001688,0.001532,0.001587,254664464,USD
2021-07-09,0.001587,0.001658,0.00152,0.001605,129710720,USD
2021-07-10,0.001605,0.001679,0.001544,0.001622,195902448,USD
2021-07-11,0.001622,0.001649,0.00154,0.001568,362284096,USD
2021-07-12,0.001568,0.001598,0.001514,0.001539,107416320,USD
2021-07-13,0.001539,0.001617,0.001457,0.001472,241975088,USD
2021-07-14,0.001472,0.001478,0.00138,0.001418,97026200,USD
2021-07-15,0.001418,0.001434,0.001355,0.001377,98713792,USD
2021-07-16,0.001377,0.001397,0.001337,0.001339,73459696,USD
2021-07-17,0.001339,0.001388,0.001295,0.001347,96047064,USD
2021-07-18,0.001347,0.001386,0.001303,0.001351,167015984,USD
2021-07-19,0.001351,0.00139,0.001249,0.001312,158174720,USD
2021-07-20,0.001312,0.001321,0.001099,0.001125,320423104,USD
2021-07-21,0.001125,0.001255,0.001111,0.00123,217278672,USD
2021-07-22,0.00123,0.001257,0.001199,0.001218,75404448,USD
2021-07-23,0.001218,0.001243,0.001173,0.001242,109222856,USD
2021-07-24,0.001242,0.001309,0.00124,0.0013,134220640,USD
2021-07-25,0.001281,0.001336,0.001263,0.001336,150644928,USD
2021-07-26,0.001336,0.001407,0.001276,0.001302,269498784,USD
2021-07-27,0.001302,0.001693,0.001258,0.001541,623841664,USD
2021-07-28,0.001541,0.001577,0.001395,0.001444,134040648,USD
2021-07-29,0.001444,0.001469,0.001362,0.001411,139420768,USD
2021-07-30,0.001411,0.001445,0.001339,0.001412,174536480,USD
2021-07-31,0.001412,0.001657,0.001403,0.0015,771992512,USD
2021-08-01,0.0015,0.001529,0.001411,0.001419,136706880,USD
2021-08-02,0.001419,0.001462,0.001396,0.001408,82522088,USD
2021-08-03,0.001408,0.001499,0.001375,0.001487,123909888,USD
2021-08-04,0.001487,0.00242,0.001454,0.00221,2838962944,USD
2021-08-05,0.00221,0.004035,0.001816,0.003479,5544250880,USD
2021-08-06,0.003461,0.004355,0.002833,0.002973,5692460544,USD
2021-08-07,0.002976,0.003038,0.002504,0.002604,1289284736,USD
2021-08-08,0.002604,0.003084,0.0025,0.00258,852323392,USD
2021-08-09,0.00258,0.002839,0.002479,0.0026,387626624,USD
2021-08-10,0.0026,0.002955,0.00251,0.002559,713171520,USD
2021-08-11,0.002559,0.006744,0.002438,0.005378,9116123136,USD
2021-08-12,0.00536,0.005474,0.003161,0.003357,5581179904,USD
2021-08-13,0.003368,0.003788,0.003183,0.003425,1805330944,USD
2021-08-14,0.003425,0.004585,0.003259,0.003787,2478851328,USD
2021-08-15,0.003787,0.004288,0.003527,0.003621,1685352320,USD
2021-08-16,0.003621,0.004074,0.003584,0.003634,710373120,USD
2021-08-17,0.003634,0.003791,0.003227,0.00326,505619392,USD
2021-08-18,0.00323,0.003465,0.003202,0.003206,599673664,USD
2021-08-19,0.003206,0.003395,0.003203,0.003242,326998368,USD
2021-08-20,0.003242,0.004,0.003237,0.003713,1246375424,USD
2021-08-21,0.003688,0.003727,0.003448,0.003472,498994912,USD
2021-08-22,0.003472,0.003506,0.003283,0.003368,255795056,USD
2021-08-23,0.003368,0.003711,0.003343,0.003499,315779904,USD
2021-08-24,0.003499,0.003546,0.003309,0.003317,191988304,USD
2021-08-25,0.003317,0.003694,0.003284,0.003409,301510816,USD
2021-08-26,0.003409,0.00342,0.00321,0.003268,118986160,USD
2021-08-27,0.003268,0.003401,0.0032,0.003323,103109856,USD
2021-08-28,0.003323,0.003693,0.003275,0.003338,327307968,USD
2021-08-29,0.003338,0.003426,0.003287,0.00332,124580184,USD
2021-08-30,0.00332,0.003329,0.003177,0.003186,162678208,USD
2021-08-31,0.003186,0.003275,0.00312,0.003163,100437000,USD
2021-09-01,0.003163,0.003223,0.003022,0.00311,168882880,USD
2021-09-02,0.00311,0.003235,0.003106,0.003109,143132464,USD
2021-09-03,0.003109,0.003188,0.003041,0.003071,149691984,USD
2021-09-04,0.003071,0.003297,0.003021,0.003145,339038784,USD
2021-09-05,0.003145,0.003678,0.003105,0.003449,645101056,USD
2021-09-06,0.003449,0.003798,0.003375,0.003626,614801664,USD
2021-09-07,0.003626,0.00364,0.002877,0.002925,412591328,USD
2021-09-08,0.002925,0.003126,0.002515,0.002782,590132224,USD
2021-09-09,0.002782,0.002941,0.002733,0.002917,207158080,USD
2021-09-10,0.002917,0.002982,0.002554,0.002588,229975712,USD
2021-09-11,0.002588,0.002752,0.002569,0.002686,146012000,USD
2021-09-12,0.002686,0.002901,0.002668,0.002783,256607296,USD
2021-09-13,0.002782,0.002793,0.002575,0.002607,87261360,USD
2021-09-14,0.002607,0.002858,0.002601,0.002855,80910568,USD
2021-09-15,0.00285,0.002859,0.002504,0.002599,348823424,USD
2021-09-16,0.002599,0.002672,0.00255,0.002592,179006096,USD
2021-09-17,0.002592,0.003613,0.002501,0.002879,2731957248,USD
2021-09-18,0.002879,0.00289,0.002595,0.002599,560835584,USD
2021-09-19,0.002599,0.002624,0.002554,0.002606,193613424,USD
2021-09-20,0.002606,0.002635,0.002262,0.002295,247385136,USD
2021-09-21,0.002295,0.002515,0.0021,0.002121,178003072,USD
2021-09-22,0.002121,0.002527,0.002119,0.002438,126393952,USD
2021-09-23,0.002438,0.002465,0.002379,0.002465,72244480,USD
2021-09-24,0.002465,0.002467,0.002002,0.002102,381821888,USD
2021-09-25,0.002102,0.002115,0.001989,0.00201,161907776,USD
2021-09-26,0.00201,0.002033,0.001379,0.00149,657010880,USD
2021-09-27,0.00149,0.001697,0.001463,0.001633,223555792,USD
2021-09-28,0.001633,0.001715,0.001565,0.00157,152761984,USD
2021-09-29,0.00157,0.001655,0.001569,0.001602,96736640,USD
2021-09-30,0.001602,0.001709,0.001595,0.001707,62523048,USD
2021-10-01,0.001707,0.001844,0.001685,0.001805,105532712,USD
2021-10-02,0.001805,0.001905,0.001783,0.001825,112902760,USD
2021-10-03,0.001825,0.002097,0.001758,0.002031,173273552,USD
2021-10-04,0.002042,0.002713,0.001882,0.002255,1703127168,USD
2021-10-05,0.002255,0.002448,0.002111,0.002142,859255936,USD
2021-10-06,0.002149,0.002161,0.001984,0.002014,247771408,USD
2021-10-07,0.002014,0.002097,0.001927,0.001994,167397536,USD
2021-10-08,0.001994,0.002042,0.001913,0.001919,118701216,USD
2021-10-09,0.001919,0.001994,0.001883,0.001955,131655944,USD
2021-10-10,0.001955,0.001958,0.001877,0.001881,54950752,USD
2021-10-11,0.001881,0.002038,0.001824,0.00184,147465424,USD
2021-10-12,0.00184,0.001862,0.001717,0.001857,117838608,USD
2021-10-13,0.001857,0.002861,0.001731,0.002712,5355795456,USD
2021-10-14,0.002712,0.002761,0.002086,0.002124,2378714368,USD
2021-10-15,0.002124,0.002151,0.001955,0.001992,429309184,USD
2021-10-16,0.001992,0.002173,0.001962,0.002049,257716448,USD
2021-10-17,0.002049,0.002121,0.00199,0.002044,137706672,USD
2021-10-18,0.002044,0.002082,0.001998,0.002014,88394440,USD
2021-10-19,0.002014,0.002075,0.001968,0.001977,116749200,USD
2021-10-20,0.001977,0.002554,0.001977,0.002113,936503296,USD
2021-10-21,0.002113,0.002322,0.002033,0.002078,284000096,USD
2021-10-22,0.002078,0.002159,0.002028,0.002102,135570272,USD
2021-10-23,0.002103,0.002131,0.002037,0.002065,135624224,USD
2021-10-24,0.002065,0.002249,0.002022,0.002055,301020480,USD
2021-10-25,0.002055,0.002111,0.002047,0.002071,106543680,USD
2021-10-26,0.002071,0.002088,0.002016,0.002021,119089248,USD
2021-10-27,0.002021,0.002054,0.001702,0.001707,290894432,USD
2021-10-28,0.00172,0.001877,0.0017,0.001853,319589056,USD
2021-10-29,0.001853,0.001959,0.001824,0.0019,146366944,USD
2021-10-30,0.001891,0.002148,0.001864,0.001892,359519200,USD
2021-10-31,0.001891,0.002177,0.001872,0.001951,600360576,USD
2021-11-01,0.001951,0.001974,0.001907,0.001946,149855008,USD
2021-11-02,0.001946,0.002025,0.001886,0.001992,303960224,USD
2021-11-03,0.001992,0.002118,0.001976,0.002106,264504736,USD
2021-11-04,0.002106,0.002304,0.002042,0.002224,526084960,USD
2021-11-05,0.002224,0.002296,0.00215,0.00215,342896448,USD
2021-11-06,0.002149,0.002279,0.00205,0.002072,286577856,USD
2021-11-07,0.002072,0.002169,0.002059,0.002099,159339216,USD
2021-11-08,0.002099,0.002331,0.002078,0.002224,410435232,USD
2021-11-09,0.002224,0.002334,0.002113,0.002136,312502144,USD
2021-11-10,0.002136,0.002217,0.00197,0.001993,162748368,USD
2021-11-11,0.001993,0.002068,0.001978,0.002006,169108336,USD
2021-11-12,0.002006,0.002061,0.001947,0.002005,207872032,USD
2021-11-13,0.002005,0.002143,0.001988,0.002088,187239376,USD
2021-11-14,0.002088,0.002228,0.002026,0.002088,233689808,USD
2021-11-15,0.002088,0.002475,0.002071,0.002171,701108928,USD
2021-11-16,0.002163,0.002196,0.001911,0.00198,391698464,USD
2021-11-17,0.00198,0.002133,0.001922,0.00202,213879360,USD
2021-11-18,0.00202,0.002035,0.001824,0.001835,153455296,USD
2021-11-19,0.001838,0.001938,0.001809,0.001919,186254592,USD
2021-11-20,0.001919,0.002195,0.001914,0.002094,327959552,USD
2021-11-21,0.002094,0.002197,0.002043,0.002048,266180336,USD
2021-11-22,0.002048,0.002071,0.001941,0.001959,196564240,USD
2021-11-23,0.001959,0.002029,0.001913,0.001942,171330768,USD
2021-11-24,0.001942,0.001954,0.001806,0.001834,178468960,USD
2021-11-25,0.001831,0.001936,0.001697,0.001835,308518816,USD
2021-11-26,0.001835,0.001948,0.001704,0.001707,304124832,USD
2021-11-27,0.001707,0.00179,0.0017,0.00173,130566392,USD
2021-11-28,0.00173,0.001992,0.001667,0.001749,543040128,USD
2021-11-29,0.001749,0.001793,0.001682,0.001699,190753136,USD
2021-11-30,0.001699,0.001716,0.001599,0.001632,168090256,USD
2021-12-01,0.001632,0.002177,0.001579,0.001708,1045566912,USD
2021-12-02,0.001708,0.001708,0.001486,0.001498,423915008,USD
2021-12-03,0.001498,0.001847,0.001447,0.001581,646381760,USD
2021-12-04,0.001581,0.001603,0.001102,0.001358,496100832,USD
2021-12-05,0.001358,0.001411,0.001243,0.001292,215577968,USD
2021-12-06,0.0013,0.001303,0.001104,0.001211,218999088,USD
2021-12-07,0.001211,0.001294,0.001158,0.001216,229478272,USD
2021-12-08,0.001216,0.001282,0.001124,0.001147,362679456,USD
2021-12-09,0.001147,0.001178,0.001047,0.001047,287002144,USD
2021-12-10,0.001047,0.00123,0.000944,0.000945,1464074496,USD
2021-12-11,0.000945,0.001045,0.000911,0.00093,362468352,USD
2021-12-12,0.00093,0.001058,0.000865,0.000928,640565568,USD
2021-12-13,0.000928,0.000954,0.000798,0.000799,415429504,USD
2021-12-14,0.000799,0.000804,0.000716,0.000741,449974336,USD
2021-12-15,0.000741,0.000868,0.000725,0.000853,534519680,USD
2021-12-16,0.000853,0.000976,0.000803,0.000806,797055232,USD
2021-12-17,0.000806,0.000854,0.000804,0.000844,212324400,USD
2021-12-18,0.000844,0.001255,0.000827,0.001047,591926912,USD
2021-12-19,0.001047,0.00108,0.000912,0.000916,507241568,USD
2021-12-20,0.000916,0.001026,0.00089,0.000954,209525648,USD
2021-12-21,0.000954,0.001027,0.000952,0.000992,120379472,USD
2021-12-22,0.000992,0.001043,0.000973,0.001002,152267040,USD
2021-12-23,0.001,0.001007,0.000971,0.000997,103116656,USD
2021-12-24,0.000997,0.001034,0.000981,0.000981,79905592,USD
2021-12-25,0.000981,0.000995,0.000977,0.000982,81099160,USD
2021-12-26,0.000982,0.001024,0.000947,0.000999,108230920,USD
2021-12-27,0.000999,0.001014,0.000979,0.000981,74139944,USD
2021-12-28,0.000981,0.000983,0.000937,0.000954,119259768,USD
2021-12-29,0.000954,0.000959,0.00091,0.00091,73592888,USD
2021-12-30,0.00091,0.000992,0.000902,0.000945,168288192,USD
2021-12-31,0.000945,0.000976,0.000926,0.000939,63758024,USD
2022-01-01,0.000939,0.000986,0.000931,0.000969,66975640,USD
2022-01-02,0.000969,0.001198,0.00096,0.001145,384014016,USD
2022-01-03,0.001145,0.001173,0.001052,0.001065,267487296,USD
2022-01-04,0.001065,0.001085,0.001025,0.001049,110093080,USD
2022-01-05,0.001049,0.001075,0.000972,0.000996,64261712,USD
2022-01-06,0.000996,0.001008,0.00097,0.000985,40313004,USD
2022-01-07,0.000985,0.000985,0.000887,0.000911,114942928,USD
2022-01-08,0.000911,0.000922,0.000841,0.000866,65548116,USD
2022-01-09,0.000866,0.000905,0.000851,0.000888,42700416,USD
2022-01-10,0.000888,0.000895,0.000827,0.000847,68947680,USD
2022-01-11,0.000847,0.000877,0.000838,0.000859,43123636,USD
2022-01-12,0.000859,0.0009,0.000855,0.000895,32555078,USD
2022-01-13,0.000895,0.000908,0.000865,0.000871,108229424,USD
2022-01-14,0.000871,0.000912,0.00085,0.000894,95396024,USD
2022-01-15,0.000894,0.000938,0.000891,0.000908,81089728,USD
2022-01-16,0.000908,0.000971,0.000908,0.000927,108893896,USD
2022-01-17,0.000927,0.000937,0.00088,0.000902,70237232,USD
2022-01-18,0.000902,0.000904,0.000849,0.000862,52012128,USD
2022-01-19,0.000862,0.000888,0.000857,0.000874,66525360,USD
2022-01-20,0.000874,0.000902,0.000866,0.000867,34376220,USD
2022-01-21,0.000867,0.000867,0.000732,0.000732,123018336,USD
2022-01-22,0.000732,0.000757,0.000702,0.000707,118461296,USD
2022-01-23,0.000707,0.000769,0.000707,0.000767,49574164,USD
2022-01-24,0.000767,0.000768,0.000642,0.000743,93072272,USD
2022-01-25,0.000743,0.000755,0.000713,0.000751,37396824,USD
2022-01-26,0.000751,0.000798,0.000717,0.000736,63238912,USD
2022-01-27,0.000736,0.000754,0.000699,0.000742,55689748,USD
2022-01-28,0.000742,0.00075,0.000719,0.000745,25311960,USD
2022-01-29,0.000745,0.000782,0.000734,0.000765,38164652,USD
2022-01-30,0.000765,0.000792,0.000754,0.00077,49294496,USD
2022-01-31,0.00077,0.000927,0.000751,0.000888,173900128,USD
2022-02-01,0.000888,0.001028,0.000888,0.000924,195961088,USD
2022-02-02,0.000924,0.000927,0.000818,0.000822,128016880,USD
2022-02-03,0.000822,0.000849,0.00082,0.000836,41472224,USD
2022-02-04,0.000836,0.000889,0.000832,0.000883,50244580,USD
2022-02-05,0.000883,0.000971,0.000849,0.000934,117961872,USD
2022-02-06,0.000934,0.000945,0.000898,0.000941,77784504,USD
2022-02-07,0.000941,0.000974,0.000923,0.000961,75405176,USD
2022-02-08,0.000961,0.000961,0.000921,0.000952,44643764,USD
2022-02-09,0.000952,0.000971,0.000917,0.000946,51122992,USD
2022-02-10,0.000946,0.000951,0.000901,0.000927,50410372,USD
2022-02-11,0.000927,0.00093,0.000832,0.000858,51599640,USD
2022-02-12,0.000858,0.000861,0.000813,0.000821,59076220,USD
2022-02-13,0.000821,0.000876,0.000821,0.000853,50741060,USD
2022-02-14,0.000853,0.000854,0.000827,0.000846,15251322,USD
2022-02-15,0.000846,0.000873,0.000839,0.000873,40269492,USD
2022-02-16,0.000873,0.000873,0.00083,0.00086,65967880,USD
2022-02-17,0.00086,0.000869,0.000759,0.000763,84154816,USD
2022-02-18,0.000763,0.0008,0.000751,0.000764,61817364,USD
2022-02-19,0.000764,0.000784,0.000761,0.000773,21173164,USD
2022-02-20,0.000773,0.000773,0.000715,0.000726,36962860,USD
2022-02-21,0.000726,0.000753,0.000706,0.000709,79219960,USD
2022-02-22,0.000709,0.000732,0.000687,0.000709,71302272,USD
2022-02-23,0.000709,0.000743,0.00069,0.000707,69033640,USD
2022-02-24,0.000707,0.000708,0.000648,0.000686,101286024,USD
2022-02-25,0.000686,0.000726,0.000686,0.000719,28482292,USD
2022-02-26,0.000719,0.000742,0.000714,0.000728,13236867,USD
2022-02-27,0.000728,0.000733,0.000682,0.000689,92561576,USD
2022-02-28,0.000689,0.00073,0.000683,0.000713,48577728,USD
2022-03-01,0.000713,0.000756,0.000713,0.000735,78965632,USD
2022-03-02,0.000735,0.000738,0.000708,0.000713,45421724,USD
2022-03-03,0.000713,0.000714,0.000681,0.000682,30032400,USD
2022-03-04,0.000682,0.000706,0.000664,0.00068,44672800,USD
2022-03-05,0.00068,0.000717,0.000671,0.000688,42316016,USD
2022-03-06,0.000688,0.000688,0.000663,0.000666,26735336,USD
2022-03-07,0.000666,0.000672,0.000656,0.000664,15157382,USD
2022-03-08,0.000664,0.000674,0.000654,0.000657,17617646,USD
2022-03-09,0.000657,0.00068,0.000648,0.00066,90121120,USD
2022-03-10,0.00066,0.000662,0.000639,0.000644,34271944,USD
2022-03-11,0.000644,0.000677,0.000632,0.000672,38716976,USD
2022-03-12,0.000672,0.000965,0.000667,0.0007,1275334528,USD
2022-03-13,0.0007,0.000727,0.000676,0.000677,133711808,USD
2022-03-14,0.000677,0.000696,0.000652,0.000676,140753936,USD
2022-03-15,0.000676,0.000684,0.000653,0.000674,77342720,USD
2022-03-16,0.000674,0.000695,0.000651,0.00068,89671816,USD
2022-03-17,0.00068,0.000686,0.000665,0.000666,56707376,USD
2022-03-18,0.000666,0.000681,0.000653,0.000665,65630872,USD
2022-03-19,0.000665,0.000687,0.000662,0.000678,35614476,USD
2022-03-20,0.000678,0.000694,0.000651,0.000669,110211872,USD
2022-03-21,0.000669,0.000678,0.000662,0.000667,23791336,USD
2022-03-22,0.000667,0.00069,0.000667,0.000673,46749824,USD
2022-03-23,0.000673,0.00069,0.000666,0.000688,30858028,USD
2022-03-24,0.000688,0.000738,0.000685,0.000714,99751688,USD
2022-03-25,0.000714,0.000746,0.000705,0.000707,52601320,USD
2022-03-26,0.000707,0.000798,0.000705,0.000736,129163520,USD
2022-03-27,0.000736,0.000747,0.000725,0.000744,43537348,USD
2022-03-28,0.000744,0.000765,0.000724,0.000748,63756756,USD
2022-03-29,0.000748,0.000753,0.000744,0.000748,44473420,USD
